avg_protection,condition,elapsed_time,n_rounds,participant_id,protection_R1-10,protection_R11-20,protection_R21-30,protection_R31-40,protection_overall,score
0.8433692756638107,transition_aware,511.615827,40,participant_20240910183549_score_84_model_CH_5,0.9115295607390935,0.7938078450881513,0.8483267196991242,0.8198129771288742,0.8433692756638107,84
0.8525503886213945,transition_aware,427.303396,40,participant_20240910184410_score_85_model_CH_5,0.8940032950066351,0.8296031413583339,0.9169952605563247,0.7695998575642838,0.8525503886213945,85
0.8228344863822903,transition_aware,207.011764,40,participant_20240910184436_score_82_model_CH_5,0.8216023753863937,0.815938707888572,0.8246575424743066,0.829139319779889,0.8228344863822903,82
0.8288496495205024,transition_aware,350.181192,40,participant_20240910184600_score_83_model_CH_5,0.9201065579112058,0.8206147644296905,0.7475875793434159,0.8270896963976971,0.8288496495205024,83
0.8362860001297665,transition_aware,178.73328,40,participant_20240910185047_score_84_model_CH_5,0.8729510308514381,0.7674865871446966,0.7776943842850654,0.927011998237866,0.8362860001297665,84
0.830961864271184,transition_aware,552.145918,40,participant_20240910190236_score_83_model_CH_5,0.8621856721973516,0.8357749124152669,0.7913975890445994,0.8344892834275175,0.830961864271184,83
0.8569415835251437,transition_aware,260.733964,40,participant_20240910190846_score_86_model_CH_5,0.8508529299394997,0.8421152062062734,0.8838713214195908,0.8509268765352112,0.8569415835251437,86
0.8838009951047614,transition_aware,147.585676,40,participant_20240910190901_score_88_model_CH_5,0.846920581598668,0.8070715245302595,0.9665100448147708,0.9147018294753467,0.8838009951047614,88
0.9111684990035955,transition_aware,342.961571,40,participant_20240910194715_score_91_model_CH_5,0.8982080398733228,0.856550258296538,0.9448960149922179,0.9450196828523036,0.9111684990035955,91
0.8332586842543568,transition_aware,346.780773,40,participant_20240910200349_score_83_model_CH_5,0.8390539019693538,0.7854616283973753,0.9283978306330148,0.780121376017683,0.8332586842543568,83
0.8958594344251682,transition_aware,281.066284,40,participant_20240919122409_score_90_model_CH_5,0.9049744352337494,0.8114577015660274,0.9066103261655749,0.9603952747353219,0.8958594344251682,90
0.8713717411483263,transition_aware,225.573597,40,participant_20240919122439_score_87_model_CH_5,0.8573140512030042,0.9230507227287417,0.8626772346892488,0.8424449559723104,0.8713717411483263,87
0.8601682263574016,transition_aware,171.054923,40,participant_20240919122456_score_86_model_CH_5,0.8655555043656094,0.9067629098797013,0.8310037701617278,0.8373507210225682,0.8601682263574016,86
0.8368861293489454,transition_aware,211.366478,40,participant_20240919122607_score_84_model_CH_5,0.7908926714425912,0.8773508418957447,0.7972575287576278,0.8820434752998173,0.8368861293489454,84
0.8327307140566009,transition_aware,468.979568,40,participant_20240919122733_score_83_model_CH_5,0.866376262211624,0.8126478771157908,0.9010605097741988,0.7508382071247908,0.8327307140566009,83
0.8319159389827725,transition_aware,217.459714,40,participant_20240919123038_score_83_model_CH_5,0.8154396358257863,0.8108514342619653,0.8630020802235288,0.83837060561981,0.8319159389827725,83
0.8162164179806384,transition_aware,218.539808,40,participant_20240919123048_score_82_model_CH_5,0.8207565251969651,0.8956885359601789,0.8089383650869045,0.7394822456785051,0.8162164179806384,82
0.8913285404559929,transition_aware,676.372701,40,participant_20240919123057_score_89_model_CH_5,0.8684564920745999,0.7612775722501719,0.943380927718992,0.9921991697802073,0.8913285404559929,89
0.9352940734091358,transition_aware,234.412338,40,participant_20240919123200_score_94_model_CH_5,0.861894238082412,0.9324483087544811,0.9648709354558023,0.981962811343848,0.9352940734091358,94
0.8216531049364978,transition_aware,217.227811,40,participant_20240919123256_score_82_model_CH_5,0.8763449092716119,0.8029214031071013,0.8133116678602661,0.7940344395070117,0.8216531049364978,82
0.9087250694151052,transition_aware,177.084972,40,participant_20240919123307_score_91_model_CH_5,0.8342432801560395,0.8895951500362991,0.9110618474680819,1.0,0.9087250694151052,91
0.8518801922273109,transition_aware,268.428533,40,participant_20240919123310_score_85_model_CH_5,0.8139165600181218,0.8447812946394915,0.909911077124265,0.8389118371273661,0.8518801922273109,85
0.8949880260980361,transition_aware,685.128916,40,participant_20240919123325_score_89_model_CH_5,0.9103267465848537,0.8377105326844176,0.909903643029127,0.922011182093746,0.8949880260980361,89
0.8532129025458144,transition_aware,129.692905,40,participant_20240919123430_score_85_model_CH_5,0.85863242683064,0.8021673804959433,0.8740552227806395,0.8779965800760341,0.8532129025458144,85
0.8384256625996933,transition_aware,238.339016,40,participant_20240919123442_score_84_model_CH_5,0.8583268939819041,0.8313789968495839,0.8494070205777465,0.8145897389895387,0.8384256625996933,84
0.8545310437969376,transition_aware,275.534852,40,participant_20240919123515_score_85_model_CH_5,0.8336841683568531,0.8709453531301588,0.8180561063984759,0.895438547302262,0.8545310437969376,85
0.8978306715854412,transition_aware,161.870097,40,participant_20240919123626_score_90_model_CH_5,0.8324978375813206,0.9310145834615347,0.9011481406006331,0.9266621246982767,0.8978306715854412,90
0.8782546103629812,transition_aware,186.199212,40,participant_20240919123720_score_88_model_CH_5,0.9326272078042027,0.7998101553690894,0.9390663884300064,0.8415146898486261,0.8782546103629812,88
0.8605141646509094,transition_aware,201.894766,40,participant_20240919123800_score_86_model_CH_5,0.8299214794665627,0.8636927915520569,0.8999988945574572,0.8484434930275603,0.8605141646509094,86
0.8754790507384097,transition_aware,765.033422,40,participant_20240919123808_score_88_model_CH_5,0.8609656367803957,0.8511020700474111,0.9293294457932957,0.8605190503325358,0.8754790507384097,88
0.8494943496157074,transition_aware,782.450069,40,participant_20240919123953_score_85_model_CH_5,0.8394219367735116,0.8404618254277236,0.9158964230293105,0.8021972132322845,0.8494943496157074,85
0.9070082257458735,transition_aware,200.1198,40,participant_20240919124004_score_91_model_CH_5,0.8518428397249733,0.8343212493760301,0.9600690543790934,0.9817997595033973,0.9070082257458735,91
0.8873498074800825,transition_aware,207.027169,40,participant_20240919124047_score_89_model_CH_5,0.8639170008401955,0.8590489390089783,0.8977021841971796,0.928731105873976,0.8873498074800825,89
0.8734091848882561,transition_aware,214.549683,40,participant_20240919124048_score_87_model_CH_5,0.86697901445671,0.8345748725365872,0.8934851613205188,0.898597691239209,0.8734091848882561,87
0.8390363541324719,transition_aware,968.498777,40,participant_20240919124245_score_84_model_CH_5,0.898420643233776,0.8290088871501213,0.8001423113465199,0.8285735747994704,0.8390363541324719,84
0.810841929023435,transition_aware,1083.643546,40,participant_20240919124404_score_81_model_CH_5,0.8422565804850033,0.7859686659946445,0.8381697993327721,0.7769726702813202,0.810841929023435,81
0.8802273669693139,transition_aware,1152.624229,40,participant_20240919124535_score_88_model_CH_5,0.8638651749604207,0.9064188879854763,0.8471457493171386,0.9034796556142197,0.8802273669693139,88
0.8359794221643,transition_aware,249.501669,40,participant_20240919125534_score_84_model_CH_5,0.8495628582580157,0.7990866733913602,0.8402556809151429,0.8550124760926808,0.8359794221643,84
0.7991695554365315,transition_aware,657.090282,40,participant_20240919130104_score_80_model_CH_5,0.8400825634322592,0.8163848202197691,0.8015672172336028,0.7386436208604947,0.7991695554365315,80
0.873146080870557,transition_aware,265.473126,40,participant_20240919131159_score_87_model_CH_5,0.8240979390838741,0.8787430159031606,0.8849554692993753,0.904787899195818,0.873146080870557,87
0.8749632834453511,reward_aware,342.480902,40,participant_20240910183132_score_87_model_CH_8,0.8510638171042109,0.8312490032353834,0.8930158989115394,0.9245244145302708,0.8749632834453511,87
0.8548300935893248,reward_aware,761.160951,40,participant_20240910183314_score_85_model_CH_8,0.8780489082033279,0.8561290012761468,0.8588545766394213,0.8262878882384032,0.8548300935893248,85
0.8626484515715067,reward_aware,878.209694,40,participant_20240910183655_score_86_model_CH_8,0.8068769294970453,0.8035675280126826,0.9550617310616017,0.885087617714697,0.8626484515715067,86
0.8489370101460597,reward_aware,190.531077,40,participant_20240910183740_score_85_model_CH_8,0.8707934657700859,0.8619783412013293,0.8047159090738422,0.8582603245389816,0.8489370101460597,85
0.8714774234341519,reward_aware,214.40692,40,participant_20240910183815_score_87_model_CH_8,0.9141509490264973,0.8699936207119239,0.8422568629742291,0.8595082610239576,0.8714774234341519,87
0.8821077099907655,reward_aware,153.693387,40,participant_20240910191433_score_88_model_CH_8,0.8665137629142732,0.8825323861225078,0.8375935493817064,0.9417911415445748,0.8821077099907655,88
0.8362635958977755,reward_aware,135.977601,40,participant_20240910191810_score_84_model_CH_8,0.8558799675508272,0.7943926539382392,0.82236460713074,0.8724171549712955,0.8362635958977755,84
0.8957168749468227,reward_aware,341.332221,40,participant_20240910192743_score_90_model_CH_8,0.8922313346366538,0.8960862646372811,0.8823254672073091,0.9122244333060472,0.8957168749468227,90
0.8307463516153227,reward_aware,1065.876617,40,participant_20240910193934_score_83_model_CH_8,0.8421604006938195,0.8194659903495991,0.8693645867948294,0.7919944286230429,0.8307463516153227,83
0.8516840741921033,reward_aware,347.338315,40,participant_20240910200959_score_85_model_CH_8,0.836065375430992,0.8662911666009483,0.840948704736021,0.8634310500004524,0.8516840741921033,85
0.8312816708781078,reward_aware,213.945849,40,participant_20240919122234_score_83_model_CH_8,0.8459134425022732,0.8280923759782512,0.7710959595887791,0.8800249054431284,0.8312816708781078,83
0.8546852491048833,reward_aware,292.821418,40,participant_20240919122502_score_85_model_CH_8,0.8583914856307227,0.7879751603577705,0.8613173390610548,0.9110570113699854,0.8546852491048833,85
0.8967679146749006,reward_aware,334.862424,40,participant_20240919122518_score_90_model_CH_8,0.8719815262906151,0.8875507042891551,0.9185874136340043,0.9089520144858272,0.8967679146749006,90
0.8528252490058833,reward_aware,259.506527,40,participant_20240919122611_score_85_model_CH_8,0.867234646398433,0.8658663625427703,0.8430479090872389,0.8351520779950914,0.8528252490058833,85
0.8428958046949863,reward_aware,401.865365,40,participant_20240919122717_score_84_model_CH_8,0.8433236450544719,0.8428637326545914,0.8725766976044025,0.8128191434664795,0.8428958046949863,84
0.8315323105151446,reward_aware,271.1303,40,participant_20240919122742_score_83_model_CH_8,0.847912897666683,0.8619622076350278,0.8771974732830851,0.7390566634757821,0.8315323105151446,83
0.8849409194527922,reward_aware,273.185666,40,participant_20240919123000_score_88_model_CH_8,0.8856012644581546,0.8726068025384155,0.8344312604998244,0.9471243503147744,0.8849409194527922,88
0.8248894431901039,reward_aware,146.856674,40,participant_20240919123237_score_82_model_CH_8,0.834863963622527,0.83751953020078,0.7593170761168175,0.8678572028202922,0.8248894431901039,82
0.8552585846012452,reward_aware,764.615161,40,participant_20240919123423_score_86_model_CH_8,0.8338045054639563,0.8674641216122294,0.8603196158340849,0.8594460954947098,0.8552585846012452,86
0.831052321444535,reward_aware,850.610293,40,participant_20240919123436_score_83_model_CH_8,0.8976499474730006,0.7940103189822656,0.8612771601036707,0.771271859219203,0.831052321444535,83
0.8916940841281805,reward_aware,330.724937,40,participant_20240919123515_score_89_model_CH_8,0.8432367545584576,0.868219859701185,0.8955257752521246,0.9597939470009547,0.8916940841281805,89
0.898660307669515,reward_aware,451.996883,40,participant_20240919123524_score_90_model_CH_8,0.8790914857612547,0.874350251573253,0.9306194484714159,0.9105800448721364,0.898660307669515,90
0.8713033962613419,reward_aware,414.053328,40,participant_20240919123538_score_87_model_CH_8,0.8896102147351073,0.915667809346471,0.8970899086050712,0.7828456523587177,0.8713033962613419,87
0.8037203801739979,reward_aware,205.708046,40,participant_20240919123740_score_80_model_CH_8,0.8561713805411489,0.844243806361398,0.774324843642611,0.7401414901508336,0.8037203801739979,80
0.8234553580289774,reward_aware,258.623621,40,participant_20240919123833_score_82_model_CH_8,0.8415876605711775,0.8336755115582541,0.7865142991974954,0.8320439607889829,0.8234553580289774,82
0.8742536177957142,reward_aware,737.112954,40,participant_20240919123921_score_87_model_CH_8,0.8334096132005199,0.8708194195837027,0.9246554566653934,0.86812998173324,0.8742536177957142,87
0.8508475992901001,reward_aware,373.971819,40,participant_20240919123957_score_85_model_CH_8,0.9033281045058509,0.7764600106089432,0.8874385419602866,0.8361637400853204,0.8508475992901001,85
0.8383185576785042,reward_aware,171.983073,40,participant_20240919124021_score_84_model_CH_8,0.8780422544044983,0.8254160708556044,0.7926344902529999,0.8571814152009145,0.8383185576785042,84
0.8100444869481864,reward_aware,916.265011,40,participant_20240919124102_score_81_model_CH_8,0.8380969867650739,0.7868455870864359,0.8701064283752095,0.7451289455660264,0.8100444869481864,81
0.8381010729423851,reward_aware,128.963488,40,participant_20240919124237_score_84_model_CH_8,0.8436402220516366,0.8396504048176159,0.8544581802646768,0.8146554846356111,0.8381010729423851,84
0.8316951554872581,reward_aware,451.480321,40,participant_20240919124309_score_83_model_CH_8,0.8507354493695765,0.7975370319645994,0.8661074951552881,0.8124006454595687,0.8316951554872581,83
0.8349172547599627,reward_aware,1020.432366,40,participant_20240919124320_score_83_model_CH_8,0.8581332455418238,0.8794674644050501,0.816297237386172,0.7857710717068052,0.8349172547599627,83
0.9193249161879583,reward_aware,135.764395,40,participant_20240919124339_score_92_model_CH_8,0.8318091541940038,0.9433794124337123,0.9549779188559342,0.9471331792681827,0.9193249161879583,92
0.8433521847711816,reward_aware,169.56473,40,participant_20240919124448_score_84_model_CH_8,0.8362630721093461,0.8791904522547076,0.8446563543702801,0.8132988603503927,0.8433521847711816,84
0.8403582539503127,reward_aware,1260.445462,40,participant_20240919124605_score_84_model_CH_8,0.8271842665363186,0.860747909292568,0.8720714640644296,0.8014293759079341,0.8403582539503127,84
0.8233063233217216,reward_aware,1341.857444,40,participant_20240919124707_score_82_model_CH_8,0.8704155125517345,0.7745791184565085,0.8271095714595763,0.8211210908190665,0.8233063233217216,82
0.8673650857164226,reward_aware,561.602705,40,participant_20240919125526_score_87_model_CH_8,0.932995861946756,0.843693277202689,0.8849957152267678,0.807775488489478,0.8673650857164226,87
0.8658063521052334,reward_aware,369.895291,40,participant_20240919125528_score_87_model_CH_8,0.8850924631570622,0.8331145346995987,0.8227246964091177,0.9222937141551549,0.8658063521052334,87
0.8331943606804704,reward_aware,163.681213,40,participant_20240919125936_score_83_model_CH_8,0.8489172028855627,0.8310165376061965,0.8562682100770086,0.7965754921531136,0.8331943606804704,83
0.8333301601084859,reward_aware,691.147438,40,participant_20240919130130_score_83_model_CH_8,0.8538702052956172,0.8730583399788747,0.7829920828552436,0.8234000123042078,0.8333301601084859,83
