condition,contrast_succ_minus_fail,n_failure,n_success,p_reselect_failure,p_reselect_success,participant_id
transition_aware,0.18548387096774194,31,8,0.06451612903225806,0.25,participant_20240910183549_score_84_model_CH_5
transition_aware,0.06551724137931035,29,10,0.034482758620689655,0.1,participant_20240910184410_score_85_model_CH_5
transition_aware,0.0,32,7,0.0,0.0,participant_20240910184436_score_82_model_CH_5
transition_aware,0.19999999999999998,30,9,0.13333333333333333,0.3333333333333333,participant_20240910184600_score_83_model_CH_5
transition_aware,0.0,34,5,0.0,0.0,participant_20240910185047_score_84_model_CH_5
transition_aware,0.0,35,4,0.0,0.0,participant_20240910190236_score_83_model_CH_5
transition_aware,-0.033333333333333326,30,9,0.36666666666666664,0.3333333333333333,participant_20240910190846_score_86_model_CH_5
transition_aware,-0.08823529411764706,34,5,0.08823529411764706,0.0,participant_20240910190901_score_88_model_CH_5
transition_aware,0.626984126984127,21,18,0.09523809523809523,0.7222222222222222,participant_20240910194715_score_91_model_CH_5
transition_aware,-0.029411764705882353,34,5,0.029411764705882353,0.0,participant_20240910200349_score_83_model_CH_5
transition_aware,0.7326203208556149,22,17,0.09090909090909091,0.8235294117647058,participant_20240919122409_score_90_model_CH_5
transition_aware,0.3333333333333333,30,9,0.3333333333333333,0.6666666666666666,participant_20240919122439_score_87_model_CH_5
transition_aware,0.32413793103448274,29,10,0.27586206896551724,0.6,participant_20240919122456_score_86_model_CH_5
transition_aware,-0.029411764705882353,34,5,0.029411764705882353,0.0,participant_20240919122607_score_84_model_CH_5
transition_aware,0.028225806451612906,31,8,0.0967741935483871,0.125,participant_20240919122733_score_83_model_CH_5
transition_aware,0.11160714285714285,32,7,0.03125,0.14285714285714285,participant_20240919123038_score_83_model_CH_5
transition_aware,0.36111111111111116,36,3,0.6388888888888888,1.0,participant_20240919123048_score_82_model_CH_5
transition_aware,0.6833333333333333,24,15,0.25,0.9333333333333333,participant_20240919123057_score_89_model_CH_5
transition_aware,0.8333333333333334,18,21,0.16666666666666666,1.0,participant_20240919123200_score_94_model_CH_5
transition_aware,0.0,34,5,0.0,0.0,participant_20240919123256_score_82_model_CH_5
transition_aware,0.9047619047619048,21,18,0.09523809523809523,1.0,participant_20240919123307_score_91_model_CH_5
transition_aware,-0.4176470588235294,34,5,0.6176470588235294,0.2,participant_20240919123310_score_85_model_CH_5
transition_aware,0.14285714285714285,32,7,0.0,0.14285714285714285,participant_20240919123325_score_89_model_CH_5
transition_aware,0.0,27,12,0.0,0.0,participant_20240919123430_score_85_model_CH_5
transition_aware,-0.022222222222222227,30,9,0.13333333333333333,0.1111111111111111,participant_20240919123442_score_84_model_CH_5
transition_aware,0.0111111111111111,30,9,0.1,0.1111111111111111,participant_20240919123515_score_85_model_CH_5
transition_aware,1.0,18,21,0.0,1.0,participant_20240919123626_score_90_model_CH_5
transition_aware,0.25,31,8,0.0,0.25,participant_20240919123720_score_88_model_CH_5
transition_aware,-0.05714285714285714,35,4,0.05714285714285714,0.0,participant_20240919123800_score_86_model_CH_5
transition_aware,0.0,31,8,0.0,0.0,participant_20240919123808_score_88_model_CH_5
transition_aware,-0.030303030303030304,33,6,0.030303030303030304,0.0,participant_20240919123953_score_85_model_CH_5
transition_aware,0.9473684210526315,20,19,0.0,0.9473684210526315,participant_20240919124004_score_91_model_CH_5
transition_aware,0.8076923076923077,26,13,0.11538461538461539,0.9230769230769231,participant_20240919124047_score_89_model_CH_5
transition_aware,0.31176470588235294,34,5,0.08823529411764706,0.4,participant_20240919124048_score_87_model_CH_5
transition_aware,0.25,31,8,0.0,0.25,participant_20240919124245_score_84_model_CH_5
transition_aware,0.028225806451612906,31,8,0.0967741935483871,0.125,participant_20240919124404_score_81_model_CH_5
transition_aware,-0.03793103448275861,29,10,0.13793103448275862,0.1,participant_20240919124535_score_88_model_CH_5
transition_aware,0.2,34,5,0.0,0.2,participant_20240919125534_score_84_model_CH_5
transition_aware,0.02857142857142858,35,4,0.9714285714285714,1.0,participant_20240919130104_score_80_model_CH_5
transition_aware,0.4828571428571429,25,14,0.16,0.6428571428571429,participant_20240919131159_score_87_model_CH_5
reward_aware,0.6888888888888889,30,9,0.2,0.8888888888888888,participant_20240910183132_score_87_model_CH_8
reward_aware,-0.030303030303030304,33,6,0.030303030303030304,0.0,participant_20240910183314_score_85_model_CH_8
reward_aware,-0.1111111111111111,36,3,0.1111111111111111,0.0,participant_20240910183655_score_86_model_CH_8
reward_aware,0.0,31,8,0.0,0.0,participant_20240910183740_score_85_model_CH_8
reward_aware,0.37777777777777777,30,9,0.4,0.7777777777777778,participant_20240910183815_score_87_model_CH_8
reward_aware,-0.12903225806451613,31,8,0.12903225806451613,0.0,participant_20240910191433_score_88_model_CH_8
reward_aware,-0.05555555555555555,36,3,0.05555555555555555,0.0,participant_20240910191810_score_84_model_CH_8
reward_aware,0.7000000000000001,24,15,0.16666666666666666,0.8666666666666667,participant_20240910192743_score_90_model_CH_8
reward_aware,0.6285714285714286,35,4,0.37142857142857144,1.0,participant_20240910193934_score_83_model_CH_8
reward_aware,0.09274193548387097,31,8,0.03225806451612903,0.125,participant_20240910200959_score_85_model_CH_8
reward_aware,0.0,31,8,0.0,0.0,participant_20240919122234_score_83_model_CH_8
reward_aware,0.6915584415584416,28,11,0.03571428571428571,0.7272727272727273,participant_20240919122502_score_85_model_CH_8
reward_aware,0.6016042780748664,22,17,0.045454545454545456,0.6470588235294118,participant_20240919122518_score_90_model_CH_8
reward_aware,0.0,32,7,0.0,0.0,participant_20240919122611_score_85_model_CH_8
reward_aware,0.07857142857142857,35,4,0.17142857142857143,0.25,participant_20240919122717_score_84_model_CH_8
reward_aware,0.0,33,6,0.0,0.0,participant_20240919122742_score_83_model_CH_8
reward_aware,0.0,32,7,0.0,0.0,participant_20240919123000_score_88_model_CH_8
reward_aware,0.05294117647058824,34,5,0.14705882352941177,0.2,participant_20240919123237_score_82_model_CH_8
reward_aware,-0.02857142857142857,35,4,0.02857142857142857,0.0,participant_20240919123423_score_86_model_CH_8
reward_aware,0.22142857142857142,35,4,0.02857142857142857,0.25,participant_20240919123436_score_83_model_CH_8
reward_aware,0.625,24,15,0.041666666666666664,0.6666666666666666,participant_20240919123515_score_89_model_CH_8
reward_aware,0.7301587301587302,21,18,0.047619047619047616,0.7777777777777778,participant_20240919123524_score_90_model_CH_8
reward_aware,0.07777777777777778,30,9,0.03333333333333333,0.1111111111111111,participant_20240919123538_score_87_model_CH_8
reward_aware,-0.029411764705882353,34,5,0.029411764705882353,0.0,participant_20240919123740_score_80_model_CH_8
reward_aware,0.07575757575757575,33,6,0.09090909090909091,0.16666666666666666,participant_20240919123833_score_82_model_CH_8
reward_aware,0.0,28,11,0.0,0.0,participant_20240919123921_score_87_model_CH_8
reward_aware,0.0,31,8,0.0,0.0,participant_20240919123957_score_85_model_CH_8
reward_aware,0.0,33,6,0.0,0.0,participant_20240919124021_score_84_model_CH_8
reward_aware,0.11176470588235295,34,5,0.08823529411764706,0.2,participant_20240919124102_score_81_model_CH_8
reward_aware,0.0,34,5,0.0,0.0,participant_20240919124237_score_84_model_CH_8
reward_aware,0.0,34,5,0.0,0.0,participant_20240919124309_score_83_model_CH_8
reward_aware,0.0,33,6,0.0,0.0,participant_20240919124320_score_83_model_CH_8
reward_aware,1.0,18,21,0.0,1.0,participant_20240919124339_score_92_model_CH_8
reward_aware,0.6071428571428571,32,7,0.25,0.8571428571428571,participant_20240919124448_score_84_model_CH_8
reward_aware,0.0,33,6,0.0,0.0,participant_20240919124605_score_84_model_CH_8
reward_aware,0.0,34,5,0.0,0.0,participant_20240919124707_score_82_model_CH_8
reward_aware,0.09655172413793105,29,10,0.10344827586206896,0.2,participant_20240919125526_score_87_model_CH_8
reward_aware,0.14285714285714285,32,7,0.0,0.14285714285714285,participant_20240919125528_score_87_model_CH_8
reward_aware,0.0,33,6,0.0,0.0,participant_20240919125936_score_83_model_CH_8
reward_aware,0.06428571428571428,35,4,0.6857142857142857,0.75,participant_20240919130130_score_83_model_CH_8
